tag,name
fr:Loco,Loco
fr:GLUEN,Gluen
fr:Beurr,Beurr
fr:CONTENANT,Contenant
fr:urticaire,Urticaire
fr:levure,Levure
fr:lin,Lin
fr:samon,Samon
fr:PROGRAMME,Programme
fr:Filets de Lieu,Filets De Lieu
fr:melk,Melk
fr:Haferflocken,Haferflocken
fr:blé noir,Blé Noir
fr:avocat,Avocat
fr:SULFUREUX,Sulfureux
fr:Nueces y semillas,Nueces Y Semillas
fr:Blé mondé précuit,Blé Mondé Précuit
fr:Äggvita,Äggvita
fr:Chair de thon,Chair De Thon
fr:DLUO,Dluo
fr:Elimine le calcium,Elimine Le Calcium
fr:Surutka,Surutka
fr:Agaricus Bisporus,Agaricus Bisporus
fr:lat,Lat
fr:SKIM MILK,Skim Milk
fr:transglutaminase,Transglutaminase
fr:Malt de froment,Malt De Froment
fr:Lactorésum,Lactorésum
fr:Sulphate,Sulphate
fr:Leche,Leche
fr:tarwebloem,Tarwebloem
fr:pescadilla,Pescadilla
fr:Grau,Grau
fr:lacriques,Lacriques
fr:Quenelle,Quenelle
fr:Vache,Vache
fr:châtaignier,Châtaignier
fr:Pécorino,Pécorino
fr:Sesam seed,Sesam Seed
fr:Room,Room
fr:graisse végétale de copr,Graisse Végétale De Copr
fr:huile de noix,Huile De Noix
fr:OGM,Ogm
fr:Houblon,Houblon
fr:dioxyde de souffre,Dioxyde De Souffre
fr:VIN,Vin
fr:sulfate,Sulfate
fr:Arches,Arches
fr:filetage,Filetage
fr:eigle,Eigle
fr:crustacées,Crustacées
fr:Lácteo,Lácteo
fr:Senapspulver,Senapspulver
fr:Pollachius virens,Pollachius Virens
fr:Soyabean,Soyabean
fr:muscade,Muscade
fr:fraîche,Fraîche
fr:Milch,Milch
fr:hostie,Hostie
fr:présure,Présure
fr:Johannisbrotkernmehl,Johannisbrotkernmehl
fr:Lactosa,Lactosa
fr:Vénus,Vénus
fr:fécule,Fécule
fr:Poudre,Poudre
fr:Composition,Composition
fr:Fromagère,Fromagère
fr:riz,Riz
fr:disufite,Disufite
fr:Feuilletée,Feuilletée
fr:Weizenvollkornmehl,Weizenvollkornmehl
fr:Mjölkpulver,Mjölkpulver
fr:amende,Amende
fr:CAS,Cas
fr:merlan bleu,Merlan Bleu
fr:Vollkorngerste,Vollkorngerste
fr:Crème liquide,Crème Liquide
fr:Margarine,Margarine
fr:Brie,Brie
fr:Apio,Apio
fr:FROID,Froid
fr:celeri  déshydraté,Celeri  Déshydraté
fr:Mozzarelle,Mozzarelle
fr:Molusco,Molusco
fr:Chinchard,Chinchard
fr:bolets,Bolets
fr:Raie,Raie
fr:Hoki,Hoki
fr:butyrique,Butyrique
fr:fenilalanina,Fenilalanina
fr:Fabrication garantie sans allergènes,Fabrication Garantie Sans Allergènes
fr:Conservateur chimique,Conservateur Chimique
fr:Demi-crème,Demi Crème
fr:Nblé,Nblé
fr:Boulghour,Boulghour
fr:coriandre,Coriandre
fr:Calmar géant,Calmar Géant
fr:Salycilés,Salycilés
fr:SAINT,Saint
fr:PAU,Pau
fr:bière,Bière
fr:ORANGE,Orange
fr:Ghee,Ghee
fr:Eouf,Eouf
fr:Technophobia,Technophobia
fr:CITRUS,Citrus
fr:noisette crue,Noisette Crue
fr:MILK FAT,Milk Fat
fr:RAVE,Rave
fr:Alit,Alit
fr:BIé,Bié
fr:Viande,Viande
fr:Nchois,Nchois
fr:ALES,Ales
fr:GRANA,Grana
fr:gruau,Gruau
fr:cerfeuil,Cerfeuil
fr:CURRY,Curry
fr:SIEGLE,Siegle
fr:huevo,Huevo
fr:chair de crevette,Chair De Crevette
fr:FRAICHE,Fraiche
fr:Dinkelweizenflocken,Dinkelweizenflocken
fr:Cynoglossus robustus,Cynoglossus Robustus
fr:basilic,Basilic
fr:LYSOZYME,Lysozyme
fr:CALAMARS POULPES,Calamars Poulpes
fr:oja,Oja
fr:Lapte,Lapte
fr:Theragra chalcogramma,Theragra Chalcogramma
fr:RUM,Rum
fr:Thon fumé,Thon Fumé
fr:Décors,Décors
fr:Filet de cabillaud,Filet De Cabillaud
fr:Provolone,Provolone
fr:Weizenkeime,Weizenkeime
fr:Weizenhalmfaser,Weizenhalmfaser
fr:Äggvitepulver,Äggvitepulver
fr:Clupea harengus,Clupea Harengus
fr:yoghourt,Yoghourt
fr:mutagènes,Mutagènes
fr:améliorant,Améliorant
fr:plus connu sous le nom de Silicone,Plus Connu Sous Le Nom De Silicone
fr:dorade,Dorade
fr:SPRATS,Sprats
fr:Oatmeal,Oatmeal
fr:Skummjölkspulver,Skummjölkspulver
fr:coque,Coque
fr:buttermilk powder,Buttermilk Powder
fr:Croissant,Croissant
fr:Vetemjöl,Vetemjöl
fr:Seitan de blé,Seitan De Blé
fr:Frischkäse,Frischkäse
fr:Crêpe,Crêpe
fr:curcuma,Curcuma
fr:Miel,Miel
fr:Smetana,Smetana
fr:nata,Nata
fr:Erdnusspaste,Erdnusspaste
fr:PARMIAGIANO,Parmiagiano
fr:encre de seiche,Encre De Seiche
fr:pieuvres,Pieuvres
fr:Légumes,Légumes
fr:Kornmaltsextrakt,Kornmaltsextrakt
fr:Metabisulfito,Metabisulfito
fr:Saumon Atlantique,Saumon Atlantique
fr:surimi,Surimi
fr:Pirovo,Pirovo
fr:INDIQUER,Indiquer
fr:LAlT,Lalt
fr:Schabziger,Schabziger
fr:AUVERGNE,Auvergne
fr:Tofu fumé,Tofu Fumé
fr:Salade composée,Salade Composée
fr:GASOIL,Gasoil
fr:mozarella,Mozarella
fr:PADANO,Padano
fr:Pêche,Pêche
fr:Guarkernmehl,Guarkernmehl
fr:Zola,Zola
fr:Chaource,Chaource
fr:pain,Pain
fr:Tropicale,Tropicale
fr:FMS,Fms
fr:Poire,Poire
fr:DECONGELE,Decongele
fr:tofu soyeux,Tofu Soyeux
fr:okara,Okara
fr:Crème stérilisée,Crème Stérilisée
fr:anacardes,Anacardes
fr:Salmo Salar,Salmo Salar
fr:Lactoséum,Lactoséum
fr:bille de mozzarella,Bille De Mozzarella
fr:Téguments,Téguments
fr:Caenbert,Caenbert
fr:LEMON,Lemon
fr:Gerstenmalz,Gerstenmalz
fr:Garniture,Garniture
fr:Framboise,Framboise
fr:Euf,Euf
fr:échalote,Échalote
fr:RECONGELER,Recongeler
fr:CEPHALOPODES,Cephalopodes
fr:romatique,Romatique
fr:glutamate,Glutamate
fr:PROT,Prot
fr:panure,Panure
fr:Sahne,Sahne
fr:blé tendre,Blé Tendre
fr:nordhavsrâkor,Nordhavsrâkor
fr:bonito,Bonito
fr:ail,Ail
fr:Jambon cuit standard,Jambon Cuit Standard
fr:Chatrou,Chatrou
fr:Gadus macrocephalus,Gadus Macrocephalus
fr:Ovas,Ovas
fr:Cumin,Cumin
fr:écrémé,Écrémé
fr:Acoupa aiguille,Acoupa Aiguille
fr:PET,Pet
fr:Bar,Bar
fr:germes de blé,Germes De Blé
fr:oursin,Oursin
fr:pecorino,Pecorino
fr:Saumon sauvage,Saumon Sauvage
fr:lactase,Lactase
fr:Farce,Farce
fr:Bulot,Bulot
fr:Maux de tête,Maux De Tête
fr:ICC,Icc
fr:mlijeko,Mlijeko
fr:CEPAGE,Cepage
fr:INES,Ines
fr:Raclette aux poivres,Raclette Aux Poivres
fr:grondin,Grondin
fr:Flour,Flour
fr:Mande,Mande
fr:crème aigre,Crème Aigre
fr:Foie de morue,Foie De Morue
fr:Zobene,Zobene
fr:NATURE,Nature
fr:âggvita,Âggvita
fr:Laktoza,Laktoza
fr:pressure,Pressure
fr:Soufflés salés,Soufflés Salés
fr:Céler,Céler
fr:Tamari,Tamari
fr:thym,Thym
fr:Crustracés,Crustracés
fr:Raclette classique,Raclette Classique
fr:carpe,Carpe
fr:ASC,Asc
fr:râpé,Râpé
fr:oléagineux,Oléagineux
fr:Sardinelles,Sardinelles
fr:Penne,Penne
fr:cajou,Cajou
fr:porto,Porto
fr:Creème,Creème
fr:Glute,Glute
fr:eigeel,Eigeel
fr:pépins de pin,Pépins De Pin
fr:citron,Citron
fr:caroube,Caroube
fr:Crème pasteurisée,Crème Pasteurisée
fr:Emmental fondu,Emmental Fondu
fr:Colza,Colza
fr:AMBERT,Ambert
fr:Weizenkleber,Weizenkleber
fr:phénylalanine,Phénylalanine
fr:Maltodextrine,Maltodextrine
fr:criquets,Criquets
fr:truité fumée,Truité Fumée
fr:préparation de fromage fondu,Préparation De Fromage Fondu
fr:Soufflés à la cacahuète,Soufflés À La Cacahuète
fr:Négatif,Négatif
fr:Cuisses de grenouilles,Cuisses De Grenouilles
fr:son,Son
fr:soufre,Soufre
fr:Marisco,Marisco
fr:amandon,Amandon
fr:Harang,Harang
fr:capelan,Capelan
fr:rien,Rien
fr:eau,Eau
fr:crémeuse,Crémeuse
fr:Espadon,Espadon
fr:Saumon rose du Pacifique,Saumon Rose Du Pacifique
fr:Cheddar rouge,Cheddar Rouge
fr:FOURME,Fourme
fr:Caféine,Caféine
fr:Blé entier,Blé Entier
fr:Cuivre chaud,Cuivre Chaud
fr:CRÈME UHT,Crème Uht
fr:sirutka,Sirutka
fr:entiers,Entiers
fr:Crème entière,Crème Entière
fr:Weizenstärke,Weizenstärke
fr:ANHYDRIDE,Anhydride
fr:VII,Vii
fr:Truite arc-en-ciel,Truite Arc En Ciel
fr:EMB,Emb
fr:Butterfat,Butterfat
fr:LACTOSUERO,Lactosuero
fr:ogre,Ogre
fr:Rge,Rge
fr:séré,Séré
fr:Lompe,Lompe
fr:KIWI,Kiwi
fr:Maïs,Maïs
fr:Sepia,Sepia
fr:aun,Aun
fr:Lotte,Lotte
fr:Peif,Peif
fr:Langouste caraïbe,Langouste Caraïbe
fr:noir de seiche,Noir De Seiche
fr:Vers,Vers
fr:saccharose,Saccharose
fr:Vanille,Vanille
fr:fromage italien,Fromage Italien
fr:PARMIGIANO,Parmigiano
fr:burrata,Burrata
fr:chèvre,Chèvre
fr:Gersten-Malzextrakt,Gersten Malzextrakt
fr:Pâte,Pâte
fr:Rhum,Rhum
fr:Iactose,Iactose
fr:Orz,Orz
fr:torskrom,Torskrom
fr:Sigle,Sigle
fr:Tomate,Tomate
fr:Clémentine,Clémentine
fr:FTS,Fts
fr:caviar,Caviar
fr:Pescado,Pescado
fr:mélange boisé,Mélange Boisé
fr:Yogourt,Yogourt
fr:nausées,Nausées
fr:chair de homard américain,Chair De Homard Américain
fr:BLANC,Blanc
fr:Weizenröstmalz,Weizenröstmalz
fr:glucose,Glucose
fr:Pois,Pois
fr:Maroilles,Maroilles
fr:fromage Emmental,Fromage Emmental
fr:Weizensirup,Weizensirup
fr:mayonnaise,Mayonnaise
fr:Vermicelles,Vermicelles
fr:Saumonette,Saumonette
fr:wasabi,Wasabi
fr:Láctico,Láctico
fr:Bonite,Bonite
fr:Sesamfrön,Sesamfrön
fr:abricot,Abricot
fr:atún,Atún
fr:Tomme,Tomme
fr:whole milk powder,Whole Milk Powder
fr:Figue,Figue
fr:tournesol,Tournesol
fr:cerises,Cerises
fr:fromet,Fromet
fr:Salmo  salar,Salmo  Salar
fr:Soj,Soj
fr:Noix de macademia,Noix De Macademia
fr:LIME,Lime
fr:PESTICIDES,Pesticides
fr:Emmerflocken,Emmerflocken
fr:azyme,Azyme
fr:Mjólktrdufl,Mjólktrdufl
fr:Cheddar-Käse,Cheddar Käse
fr:NON,Non
fr:corn,Corn
fr:CACAO,Cacao
fr:Réglisse,Réglisse
fr:INGREDIENTS,Ingredients
fr:noix de pin,Noix De Pin
fr:Weizeneiweiß,Weizeneiweiß
fr:truite fumée,Truite Fumée
fr:Panulirus argus,Panulirus Argus
fr:Hafervollkornmehl,Hafervollkornmehl
fr:Beuure,Beuure
fr:Pienas,Pienas
fr:Sorbitol,Sorbitol
fr:Poivron rouge,Poivron Rouge
fr:Cebada,Cebada
fr:SFL,Sfl
fr:Weizenmehl,Weizenmehl
fr:Fabriqué dans un atelier,Fabriqué Dans Un Atelier
fr:fibre de tige de blé,Fibre De Tige De Blé
fr:Ingrédients,Ingrédients
fr:PRODUIT,Produit
fr:Raugas,Raugas
fr:Carvi,Carvi
fr:Malté,Malté
fr:paprika,Paprika
fr:FRANCE,France
fr:Sardellenextrakt,Sardellenextrakt
fr:Thon Albacore,Thon Albacore
fr:FROMAGE EDAM,Fromage Edam
fr:Bouglour,Bouglour
fr:rapesan,Rapesan
fr:ACIDE,Acide
fr:arôme,Arôme
fr:Kabeljau,Kabeljau
fr:Tout sauf noyau atomique,Tout Sauf Noyau Atomique
fr:Chips saveur bolognaise,Chips Saveur Bolognaise
fr:Alcool,Alcool
fr:Sarrasin,Sarrasin
fr:lai,Lai
fr:Lactate,Lactate
fr:Congre,Congre
fr:Omelette,Omelette
fr:Féra,Féra
fr:Mulet,Mulet
fr:Penaeus vannamei,Penaeus Vannamei
fr:maasdam,Maasdam
fr:Mozzarella cheese,Mozzarella Cheese
fr:Thazard,Thazard
fr:mozzarrella,Mozzarrella
fr:Vollkornhafer,Vollkornhafer
fr:FROMAGE CHEDDAR,Fromage Cheddar
fr:carrelet,Carrelet
fr:dur,Dur
fr:phenylalanine,Phenylalanine
fr:Natriummetabisulfit,Natriummetabisulfit
fr:Pulpe,Pulpe
fr:Comté AOP,Comté Aop
fr:Plie,Plie
fr:EMMENATL,Emmenatl
fr:Maslac,Maslac
fr:perche,Perche
fr:crèrme,Crèrme
fr:homard bleu,Homard Bleu
fr:Arachide grillée,Arachide Grillée
fr:Coquillages,Coquillages
fr:églefin,Églefin
fr:Crystacé,Crystacé
fr:béchamel,Béchamel
fr:anacardier,Anacardier
fr:Fromage mozzarella,Fromage Mozzarella
fr:Camenbert,Camenbert
fr:ETG,Etg
fr:burro,Burro
fr:Cynoglossus itinus,Cynoglossus Itinus
fr:PIMENT,Piment
fr:mou,Mou
fr:CERTICAR,Certicar
fr:ABSENCE,Absence
fr:éperlan,Éperlan
fr:Filets de harengs,Filets De Harengs
fr:Cochenilles,Cochenilles
fr:POTASSIUM,Potassium
fr:Liquide de couverture,Liquide De Couverture
fr:coco,Coco
fr:Thon germon,Thon Germon
fr:Malt froment,Malt Froment
fr:Morchella esculenta - conica - vulgaris - costata,Morchella Esculenta   Conica   Vulgaris   Costata
fr:Scargots,Scargots
fr:Malts de blé,Malts De Blé
fr:Dérivés,Dérivés
fr:Emmental français,Emmental Français
fr:amidon,Amidon
fr:Raclette de Savoie,Raclette De Savoie
fr:loddarom,Loddarom
fr:Laktose,Laktose
fr:Ténébrions,Ténébrions
fr:fonte,Fonte
fr:pesto,Pesto
fr:Blé khorasan,Blé Khorasan
fr:Gruyère AOP,Gruyère Aop
fr:Porc,Porc
fr:pangas,Pangas
fr:neant,Neant
fr:Molkenerzeugnis,Molkenerzeugnis
fr:TES,Tes
fr:AIT,Ait
fr:Biologique,Biologique
fr:grillons,Grillons
fr:STG,Stg
fr:sodium,Sodium
fr:fruits,Fruits
fr:Malt de blé,Malt De Blé
fr:CACAHUETTE,Cacahuette
fr:insomnies hyperactivité,Insomnies Hyperactivité
fr:Crevette nordique,Crevette Nordique
fr:germe de blé,Germe De Blé
fr:beure,Beure
fr:concentré,Concentré
fr:fontina,Fontina
fr:Penaeus monodon,Penaeus Monodon
fr:Pollen,Pollen
fr:fanne de froment,Fanne De Froment
fr:Cafeine,Cafeine
fr:Ufs,Ufs
fr:SAME,Same
fr:Voine,Voine
fr:Daurade,Daurade
fr:châtaigne,Châtaigne
fr:Cynoglossus oligolepis,Cynoglossus Oligolepis
fr:Tuber aestivum,Tuber Aestivum
fr:triticale,Triticale
fr:Vollkornweizen,Vollkornweizen
fr:Lactic,Lactic
fr:Fourrage,Fourrage
fr:palme,Palme
fr:Pavot,Pavot
fr:Lacté,Lacté
fr:mandarine,Mandarine
fr:Metton,Metton
fr:GRAPEFRUIT,Grapefruit
fr:cohana,Cohana
fr:FERMENTS,Ferments
fr:PATE,Pate
fr:CREM,Crem
fr:Palourde,Palourde
fr:Surutke,Surutke
fr:Guten,Guten
fr:Alune,Alune
fr:mais,Mais
fr:Fenugrec,Fenugrec
fr:Mleko,Mleko
fr:TRANSPARENCE,Transparence
fr:carraghénanes,Carraghénanes
fr:calamares,Calamares
fr:TOME,Tome
fr:CACAHETE,Cacahete
fr:XIV,Xiv
fr:imazalil,Imazalil
fr:Millet,Millet
fr:algue,Algue
fr:persil,Persil
fr:Sirop,Sirop
fr:Argopecten purpuratus,Argopecten Purpuratus
fr:Clementine,Clementine
fr:àggula,Àggula
fr:dioxyde de sulfure,Dioxyde De Sulfure
fr:org,Org
fr:HCO,Hco
fr:Dextrose,Dextrose
fr:APRICOT,Apricot
fr:Noic du brésil,Noic Du Brésil
fr:Láctea,Láctea
fr:CAN,Can
fr:Frais,Frais
fr:JACQUES,Jacques
fr:manteca pura,Manteca Pura
fr:Fromage parmesan,Fromage Parmesan
fr:Iactate,Iactate
fr:Thunnus albacares,Thunnus Albacares
fr:fromage bleu,Fromage Bleu
fr:Senfbestandteile,Senfbestandteile
fr:élimination du calcium,Élimination Du Calcium
fr:Sucre,Sucre
fr:Haricot mungo,Haricot Mungo
fr:Calmars du Cap,Calmars Du Cap
fr:étrilles,Étrilles
fr:REGGIANO,Reggiano
fr:BRESIL,Bresil
fr:Farine,Farine
fr:noix de pécn,Noix De Pécn
fr:Aroma,Aroma
fr:gras,Gras
fr:phil germe de froment,Phil Germe De Froment
fr:Sauce,Sauce
fr:malte,Malte
fr:USA,Usa
fr:Weizenflakes,Weizenflakes
fr:Fromage de Savoie,Fromage De Savoie
fr:Trigo,Trigo
fr:romarin,Romarin
fr:Milkwort,Milkwort
fr:Blé - lactose,Blé   Lactose
fr:Mantequilla,Mantequilla
fr:Erdnussbutter,Erdnussbutter
fr:CHAPELURE,Chapelure
fr:Flétan du Groenland,Flétan Du Groenland
fr:lécithine,Lécithine
fr:anit,Anit
fr:céphalopode,Céphalopode
fr:Biscuit,Biscuit
fr:plomb,Plomb
fr:Blé-lactose,Blé Lactose
fr:Néant,Néant
fr:ALASKA,Alaska
fr:Sel,Sel
fr:Gadus morhua,Gadus Morhua
fr:Vollei,Vollei
fr:emmenthal,Emmenthal
fr:Thon listao,Thon Listao
fr:bouillons,Bouillons
fr:CERTISUD,Certisud
fr:EGLEFIN,Eglefin
fr:Passion,Passion
fr:mozzarela,Mozzarela
fr:blé de khorasan,Blé De Khorasan
fr:LEVAIN,Levain
fr:Couscous,Couscous
fr:Celerey,Celerey
fr:BANANE,Banane
